Iteration,AverageTemperature,Power_value,Power_right_value,Volume_value,Volume_right_value,Stress_Pnorm_value,Stress_Pnorm_right_value,Voltage_value,Voltage_right_value
1,294.476213456476,-0.373639900906897,0.00939540148639654,-0.15408533621759,0.84591466378241,-0.188088196308625,8119118.03691376,0.314829592257988,0.0383346633032189
Iteration,AverageTemperature,Power_value,Power_right_value,Volume_value,Volume_right_value,Stress_Pnorm_value,Stress_Pnorm_right_value,Voltage_value,Voltage_right_value
1,294.476213456476,-0.373639900906897,0.00939540148639654,-0.15408533621759,0.84591466378241,-0.188088196308625,8119118.03691376,0.314829592257988,0.0383346633032189
2,293.690389513616,-0.375597420955729,0.00936603868566407,-0.265728426692669,0.734271573307331,-0.446313028889346,5536869.71110654,0.370526480451008,0.0433473832405908
