Iteration,AverageTemperature,Power_value,Power_right_value,Volume_value,Volume_right_value,Stress_Pnorm_value,Stress_Pnorm_right_value,Voltage_value,Voltage_right_value
1,294.476213456477,-0.373639900906917,0.00939540148639625,-0.154085336217606,0.845914663782394,-0.188088196308604,8119118.03691396,0.314829592257994,0.0383346633032194
Iteration,AverageTemperature,Power_value,Power_right_value,Volume_value,Volume_right_value,Stress_Pnorm_value,Stress_Pnorm_right_value,Voltage_value,Voltage_right_value
1,294.476213456477,-0.373639900906917,0.00939540148639625,-0.154085336217606,0.845914663782394,-0.188088196308604,8119118.03691396,0.314829592257994,0.0383346633032194
2,293.690389513616,-0.375597420955703,0.00936603868566445,-0.265728426692675,0.734271573307325,-0.44631302888938,5536869.7111062,0.370526480451019,0.0433473832405918
