Iteration,AverageTemperature,Power_value,Power_right_value,Volume_value,Volume_right_value,Stress_Pnorm_value,Stress_Pnorm_right_value,Voltage_value,Voltage_right_value
1,294.476213456474,-0.37363990090682,0.0093954014863977,-0.154085336217559,0.845914663782441,-0.188088196308683,8119118.03691317,0.314829592257989,0.038334663303219
Iteration,AverageTemperature,Power_value,Power_right_value,Volume_value,Volume_right_value,Stress_Pnorm_value,Stress_Pnorm_right_value,Voltage_value,Voltage_right_value
1,294.476213456474,-0.37363990090682,0.0093954014863977,-0.154085336217559,0.845914663782441,-0.188088196308683,8119118.03691317,0.314829592257989,0.038334663303219
2,293.690389513617,-0.375597420955737,0.00936603868566394,-0.26572842669265,0.73427157330735,-0.446313028889278,5536869.71110722,0.370526480450999,0.0433473832405899
