Iteration,AverageTemperature,Power_value,Power_right_value,Volume_value,Volume_right_value,Stress_Pnorm_value,Stress_Pnorm_right_value,Voltage_value,Voltage_right_value
1,300.590377126645,0.152284611904555,17.2842691785683,-0.00179226265321897,0.998207737346781,0.259689387189016,12596893.8718902,0.164337013762275,0.0309879140482559
Iteration,AverageTemperature,Power_value,Power_right_value,Volume_value,Volume_right_value,Stress_Pnorm_value,Stress_Pnorm_right_value,Voltage_value,Voltage_right_value
1,300.590377126645,0.152284611904555,17.2842691785683,-0.00179226265321897,0.998207737346781,0.259689387189016,12596893.8718902,0.164337013762275,0.0309879140482559
2,283.289262694129,2.00408421055424,45.0612631583135,-0.0683484739600596,0.93165152603994,-0.454153994718395,5458460.05281605,0.417252294467314,0.0594408831275729
