Iteration,AverageTemperature,Power_value,Power_right_value,Volume_value,Volume_right_value,Stress_Pnorm_value,Stress_Pnorm_right_value,Voltage_value,Voltage_right_value
1,294.503852560786,-0.375151811229468,0.00937272283155799,-0.154675457067937,0.845324542932063,-0.187556372440238,8124436.27559762,0.314888819283192,0.0383399937354873
Iteration,AverageTemperature,Power_value,Power_right_value,Volume_value,Volume_right_value,Stress_Pnorm_value,Stress_Pnorm_right_value,Voltage_value,Voltage_right_value
1,294.503852560786,-0.375151811229468,0.00937272283155799,-0.154675457067937,0.845324542932063,-0.187556372440238,8124436.27559762,0.314888819283192,0.0383399937354873
2,293.677824218049,-0.375167603044726,0.00937248595432912,-0.2661715879628,0.7338284120372,-0.447722701669595,5522772.98330405,0.370799974604627,0.0433719977144164
