Iteration,AverageTemperature,Power_value,Power_right_value,Volume_value,Volume_right_value,Stress_Pnorm_value,Stress_Pnorm_right_value,Voltage_value,Voltage_right_value
1,331.601008597946,1.37224884105732,35.5837326158598,-0.250747575738738,0.749252424261262,-0.496681222982438,5033187.77017562,0.263344689851887,0.0421262776083373
Iteration,AverageTemperature,Power_value,Power_right_value,Volume_value,Volume_right_value,Stress_Pnorm_value,Stress_Pnorm_right_value,Voltage_value,Voltage_right_value
1,331.601008597946,1.37224884105732,35.5837326158598,-0.250747575738738,0.749252424261262,-0.496681222982438,5033187.77017562,0.263344689851887,0.0421262776083373
2,337.041278969941,0.123571302560918,16.8535695384138,-0.3136292067536,0.6863707932464,-0.648572017098789,3514279.82901211,0.177131980835157,0.0324273478439551
