Iteration,AverageTemperature,Power_value,Power_right_value,Volume_value,Volume_right_value,Stress_Pnorm_value,Stress_Pnorm_right_value,Voltage_value,Voltage_right_value
1,303.13708281626,-0.136212594954931,12.956811075676,-0.0337866022794404,0.96621339772056,-0.621441822346285,3785581.77653715,0.164337013762209,0.0309879140482485
Iteration,AverageTemperature,Power_value,Power_right_value,Volume_value,Volume_right_value,Stress_Pnorm_value,Stress_Pnorm_right_value,Voltage_value,Voltage_right_value
1,303.13708281626,-0.136212594954931,12.956811075676,-0.0337866022794404,0.96621339772056,-0.621441822346285,3785581.77653715,0.164337013762209,0.0309879140482485
2,304.448187702677,-0.240979423405315,11.3853086489203,-0.138347998926585,0.861652001073415,-0.601391392737276,3986086.07262724,0.212384057237026,0.0363932064391655
