Iteration,AverageTemperature,Power_value,Power_right_value,Volume_value,Volume_right_value,Stress_Pnorm_value,Stress_Pnorm_right_value,Voltage_value,Voltage_right_value
1,294.503852560783,-0.37515181122936,0.0093727228315596,-0.154675457067919,0.845324542932081,-0.187556372440304,8124436.27559696,0.314888819283212,0.0383399937354891
Iteration,AverageTemperature,Power_value,Power_right_value,Volume_value,Volume_right_value,Stress_Pnorm_value,Stress_Pnorm_right_value,Voltage_value,Voltage_right_value
1,294.503852560783,-0.37515181122936,0.0093727228315596,-0.154675457067919,0.845324542932081,-0.187556372440304,8124436.27559696,0.314888819283212,0.0383399937354891
2,293.677824218049,-0.375167603044702,0.00937248595432946,-0.266171587962792,0.733828412037208,-0.447722701669575,5522772.98330425,0.370799974604632,0.0433719977144169
