Iteration,AverageTemperature,Power_value,Power_right_value,Volume_value,Volume_right_value,Stress_Pnorm_value,Stress_Pnorm_right_value,Voltage_value,Voltage_right_value
1,337.459183250569,0.0212045490616624,15.3180682359249,-0.00101226241554986,0.99898773758445,39.4322450670307,404322450.670307,0.198591360692804,0.0159225248381042
Iteration,AverageTemperature,Power_value,Power_right_value,Volume_value,Volume_right_value,Stress_Pnorm_value,Stress_Pnorm_right_value,Voltage_value,Voltage_right_value
1,337.459183250569,0.0212045490616624,15.3180682359249,-0.00101226241554986,0.99898773758445,39.4322450670307,404322450.670307,0.198591360692804,0.0159225248381042
2,337.630180558965,-0.0115338698685453,14.8269919519718,-0.0264453664761335,0.973554633523867,13.1130963403583,141130963.403583,0.209534300033643,0.0165243865018503
Iteration,AverageTemperature,Power_value,Power_right_value,Volume_value,Volume_right_value,Stress_Pnorm_value,Stress_Pnorm_right_value,Voltage_value,Voltage_right_value
1,337.459183250569,0.0212045490616624,15.3180682359249,-0.00101226241554986,0.99898773758445,39.4322450670307,404322450.670307,0.198591360692804,0.0159225248381042
2,337.630180558965,-0.0115338698685453,14.8269919519718,-0.0264453664761335,0.973554633523867,13.1130963403583,141130963.403583,0.209534300033643,0.0165243865018503
3,337.672374841043,-0.0106476026273394,14.8402859605899,-0.00361910497427353,0.996380895025726,13.4684363120134,144684363.120134,0.194955959916381,0.015722577795401
