Iteration,AverageTemperature,Power_value,Power_right_value,Volume_value,Volume_right_value,Stress_Pnorm_value,Stress_Pnorm_right_value,Voltage_value,Voltage_right_value
1,294.503852560784,-0.375151811229387,0.0093727228315592,-0.154675457067929,0.845324542932071,-0.18755637244029,8124436.2755971,0.314888819283212,0.038339993735489
Iteration,AverageTemperature,Power_value,Power_right_value,Volume_value,Volume_right_value,Stress_Pnorm_value,Stress_Pnorm_right_value,Voltage_value,Voltage_right_value
1,294.503852560784,-0.375151811229387,0.0093727228315592,-0.154675457067929,0.845324542932071,-0.18755637244029,8124436.2755971,0.314888819283212,0.038339993735489
2,293.677824218049,-0.375167603044712,0.00937248595432932,-0.2661715879628,0.7338284120372,-0.447722701669601,5522772.98330399,0.370799974604632,0.0433719977144169
