Iteration,AverageTemperature,Power_value,Power_right_value,Volume_value,Volume_right_value,Stress_Pnorm_value,Stress_Pnorm_right_value,Voltage_value,Voltage_right_value
1,356.354166814159,-1.20327675329046,-3.04915129935691,-1.54781834381401,-0.547818343814013,-0.658245357326837,3417546.42673163,0.206690330831538,0.0163679681957346
Iteration,AverageTemperature,Power_value,Power_right_value,Volume_value,Volume_right_value,Stress_Pnorm_value,Stress_Pnorm_right_value,Voltage_value,Voltage_right_value
1,356.354166814159,-1.20327675329046,-3.04915129935691,-1.54781834381401,-0.547818343814013,-0.658245357326837,3417546.42673163,0.206690330831538,0.0163679681957346
2,341.39211646019,-1.01629392240315,-0.244408836047243,-1.48225169375429,-0.482251693754295,-0.92524742329808,747525.7670192,3.72352962178696e-09,0.00500000020479413
Iteration,AverageTemperature,Power_value,Power_right_value,Volume_value,Volume_right_value,Stress_Pnorm_value,Stress_Pnorm_right_value,Voltage_value,Voltage_right_value
1,356.354166814159,-1.20327675329046,-3.04915129935691,-1.54781834381401,-0.547818343814013,-0.658245357326837,3417546.42673163,0.206690330831538,0.0163679681957346
2,341.39211646019,-1.01629392240315,-0.244408836047243,-1.48225169375429,-0.482251693754295,-0.92524742329808,747525.7670192,3.72352962178696e-09,0.00500000020479413
3,260.761410418662,-1.0026326410766,-0.0394896161489333,-1.25762353801731,-0.257623538017309,-0.978458253442761,215417.46557239,2.53187462103687e-09,0.0050000001392531
