Iteration,AverageTemperature,Power_value,Power_right_value,Volume_value,Volume_right_value,Stress_Pnorm_value,Stress_Pnorm_right_value,Voltage_value,Voltage_right_value
1,300.278440725423,-0.354481958484017,0.00968277062273975,-0.320876483743239,0.679123516256761,-0.483314763096007,5166852.36903993,0.0735279788524231,0.0460287096376873
Iteration,AverageTemperature,Power_value,Power_right_value,Volume_value,Volume_right_value,Stress_Pnorm_value,Stress_Pnorm_right_value,Voltage_value,Voltage_right_value
1,300.278440725423,-0.354481958484017,0.00968277062273975,-0.320876483743239,0.679123516256761,-0.483314763096007,5166852.36903993,0.0735279788524231,0.0460287096376873
2,NaN,NaN,NaN,-0.216560791397522,0.783439208602478,NaN,NaN,0.0758502989571771,0.0471666464890168
Iteration,AverageTemperature,Power_value,Power_right_value,Volume_value,Volume_right_value,Stress_Pnorm_value,Stress_Pnorm_right_value,Voltage_value,Voltage_right_value
1,300.278440725423,-0.354481958484017,0.00968277062273975,-0.320876483743239,0.679123516256761,-0.483314763096007,5166852.36903993,0.0735279788524231,0.0460287096376873
2,NaN,NaN,NaN,-0.216560791397522,0.783439208602478,NaN,NaN,0.0758502989571771,0.0471666464890168
3,NaN,NaN,NaN,-0.231661976172013,0.768338023827987,NaN,NaN,0.265425149478589,0.140058323244508
