Iteration,AverageTemperature,Power_value,Power_right_value,Volume_value,Volume_right_value,Stress_Pnorm_value,Stress_Pnorm_right_value,Voltage_value,Voltage_right_value
1,328.372036535533,-0.930751751429844,0.00242368869995545,-0.293144911181133,0.706855088818867,0.0337196788528411,10337196.7885284,0.480434778077296,0.065249999478889
Iteration,AverageTemperature,Power_value,Power_right_value,Volume_value,Volume_right_value,Stress_Pnorm_value,Stress_Pnorm_right_value,Voltage_value,Voltage_right_value
1,328.372036535533,-0.930751751429844,0.00242368869995545,-0.293144911181133,0.706855088818867,0.0337196788528411,10337196.7885284,0.480434778077296,0.065249999478889
2,338.448846415301,-0.949795178098297,0.0017571687665596,-0.271920950157216,0.728079049842784,0.603018181270894,16030181.8127089,0.830434774808326,0.105499999102958
Iteration,AverageTemperature,Power_value,Power_right_value,Volume_value,Volume_right_value,Stress_Pnorm_value,Stress_Pnorm_right_value,Voltage_value,Voltage_right_value
1,328.372036535533,-0.930751751429844,0.00242368869995545,-0.293144911181133,0.706855088818867,0.0337196788528411,10337196.7885284,0.480434778077296,0.065249999478889
2,338.448846415301,-0.949795178098297,0.0017571687665596,-0.271920950157216,0.728079049842784,0.603018181270894,16030181.8127089,0.830434774808326,0.105499999102958
3,333.560486557279,-0.957797252794687,0.00147709615218595,-0.385324941631537,0.614675058368463,0.0495250807503274,10495250.8075033,0.999999996699651,0.12499999962046
