Iteration,AverageTemperature,Power_value,Power_right_value,Volume_value,Volume_right_value,Stress_Pnorm_value,Stress_Pnorm_right_value,Voltage_value,Voltage_right_value
1,256.463017670931,-0.0410552494541275,0.0335630662691055,-0.0693326739592599,0.93066732604074,-0.133964843769774,8660351.56230226,0.39262217388658,0.0566699945622403
Iteration,AverageTemperature,Power_value,Power_right_value,Volume_value,Volume_right_value,Stress_Pnorm_value,Stress_Pnorm_right_value,Voltage_value,Voltage_right_value
1,256.463017670931,-0.0410552494541275,0.0335630662691055,-0.0693326739592599,0.93066732604074,-0.133964843769774,8660351.56230226,0.39262217388658,0.0566699945622403
2,255.69638183627,-0.0033071117136485,0.0348842510900223,-0.0516242716881368,0.948375728311863,-0.085038797493046,9149612.02506954,0.391274738769821,0.0565184081116049
Iteration,AverageTemperature,Power_value,Power_right_value,Volume_value,Volume_right_value,Stress_Pnorm_value,Stress_Pnorm_right_value,Voltage_value,Voltage_right_value
1,256.463017670931,-0.0410552494541275,0.0335630662691055,-0.0693326739592599,0.93066732604074,-0.133964843769774,8660351.56230226,0.39262217388658,0.0566699945622403
2,255.69638183627,-0.0033071117136485,0.0348842510900223,-0.0516242716881368,0.948375728311863,-0.085038797493046,9149612.02506954,0.391274738769821,0.0565184081116049
3,255.595386124998,-0.000621745296739085,0.0349782389146141,-0.0482817647687042,0.951718235231296,-0.0677693081973124,9322306.91802688,0.390045190475312,0.0563800839284727
