Iteration,PnormTemperature,Power_value,Power_right_value,Volume_value,Volume_right_value,Stress_Pnorm_value,Stress_Pnorm_right_value,Voltage_value,Voltage_right_value
1,0.873175762511441,1.27137687481293,0.0794981906184525,-2.03136285570338e-09,0.999999997968637,-0.149180092880274,8508199.07119726,0.543113436497598,0.0736002616059798
Iteration,PnormTemperature,Power_value,Power_right_value,Volume_value,Volume_right_value,Stress_Pnorm_value,Stress_Pnorm_right_value,Voltage_value,Voltage_right_value
1,0.873175762511441,1.27137687481293,0.0794981906184525,-2.03136285570338e-09,0.999999997968637,-0.149180092880274,8508199.07119726,0.543113436497598,0.0736002616059798
2,0.862777380964239,1.75757320061786,0.0965150620216251,-2.23109997143922e-09,0.9999999977689,-0.0965668525661387,9034331.47433861,0.608221833358897,0.0809249562528759
Iteration,PnormTemperature,Power_value,Power_right_value,Volume_value,Volume_right_value,Stress_Pnorm_value,Stress_Pnorm_right_value,Voltage_value,Voltage_right_value
1,0.873175762511441,1.27137687481293,0.0794981906184525,-2.03136285570338e-09,0.999999997968637,-0.149180092880274,8508199.07119726,0.543113436497598,0.0736002616059798
2,0.862777380964239,1.75757320061786,0.0965150620216251,-2.23109997143922e-09,0.9999999977689,-0.0965668525661387,9034331.47433861,0.608221833358897,0.0809249562528759
3,0.856933187373114,2.09977898002418,0.108492264300846,-1.94458316116197e-09,0.999999998055417,-0.0707954362176301,9292045.6378237,0.650081915936512,0.0856342155428576
